a,b,result
71,4,75
99,97,83
7,59,66
102,16,5
1,42,43
0,31,31
13,84,97
108,48,43
34,42,76
26,55,81
29,7,36
112,86,85
107,16,10
7,0,7
64,50,1
107,76,70
48,108,43
85,111,83
101,2,103
12,28,40
64,38,102
31,112,30
96,36,19
6,78,84
62,75,24
1,0,1
86,2,88
98,55,40
4,21,25
49,34,83
13,104,4
63,81,31
49,111,47
99,24,10
59,53,112
27,75,102
80,112,79
29,75,104
7,56,63
69,79,35
11,38,49
60,28,88
87,112,86
44,62,106
31,103,21
60,30,90
97,35,19
97,27,11
6,87,93
3,69,72
38,15,53
91,62,40
90,37,14
50,3,53
80,38,5
92,75,54
4,32,36
91,37,15
33,53,86
38,30,68
99,21,7
49,14,63
19,56,75
21,3,24
71,13,84
15,43,58
3,80,83
30,9,39
29,30,59
44,5,49
80,14,94
56,104,47
110,39,36
98,24,9
95,69,51
24,63,87
53,43,96
77,98,62
81,7,88
85,106,78
64,18,82
3,43,46
20,90,110
18,72,90
28,49,77
94,12,106
78,111,76
3,37,40
106,27,20
54,37,91
40,106,33
87,89,63
76,11,87
56,74,17
69,77,33
17,63,80
28,22,50
24,57,81
90,18,108
54,91,32
24,59,83
65,54,6
101,100,88
1,108,109
5,58,63
41,34,75
108,34,29
57,28,85
41,32,73
54,60,1
109,0,109
9,40,49
57,72,16
63,104,54
106,41,34
65,103,55
95,100,82
12,8,20
84,6,90
75,58,20
72,67,26
110,46,43
77,45,9
31,41,72
37,67,104
90,21,111
77,17,94
23,101,11
74,62,23
79,68,34
32,46,78
22,53,75
62,100,49
13,2,15
19,91,110
19,29,48
29,29,58
99,60,46
51,14,65
46,65,111
70,10,80
7,90,97
36,0,36
96,111,94
1,14,15
48,9,57
62,109,58
97,5,102
25,38,63
112,49,48
72,41,0
31,18,49
62,22,84
11,112,10
21,11,32
22,58,80
64,64,15
78,48,13
90,29,6
69,86,42
107,20,14
98,84,69
48,89,24
90,87,64
50,31,81
25,70,95
104,93,84
106,31,24
62,105,54
98,60,45
11,53,64
15,16,31
19,28,47
85,27,112
68,58,13
48,20,68
79,46,12
2,24,26
17,26,43
26,65,91
26,22,48
97,63,47
36,83,6
12,66,78
50,96,33
28,79,107
106,46,39
78,65,30
95,16,111
62,7,69
82,68,37
50,93,30
90,30,7
89,11,100
37,72,109
87,59,33
87,10,97
14,31,45
61,67,15
33,54,87
49,87,23
64,105,56
66,98,51
51,48,99
68,87,42
106,17,10
93,56,36
11,44,55
17,24,41
73,95,55
68,39,107
16,32,48
71,0,71
11,15,26
88,18,106
98,90,75
48,102,37
50,112,49
92,79,58
83,11,94
22,25,47
57,56,0
52,79,18
22,89,111
56,102,45
89,69,45
33,94,14
67,7,74
51,98,36
74,43,4
88,91,66
31,94,12
15,26,41
9,54,63
56,4,60
16,80,96
51,80,18
8,8,16
86,79,52
20,25,45
96,32,15
101,93,81
83,2,85
109,91,87
97,72,56
57,32,89
9,41,50
1,6,7
4,86,90
7,109,3
59,96,42
104,79,70
106,71,64
102,91,80
61,79,27
84,82,53
31,10,41
55,95,37
6,1,7
58,77,22
57,103,47
70,19,89
106,10,3
68,23,91
99,1,100
82,82,51
45,24,69
38,2,40
55,26,81
21,52,73
48,21,69
60,106,53
46,3,49
72,87,46
30,20,50
71,77,35
110,49,46
72,70,29
65,25,90
4,15,19
38,28,66
71,90,48
108,49,44
0,63,63
4,29,33
35,49,84
20,53,73
85,72,44
97,80,64
102,78,67
57,7,64
0,36,36
14,38,52
106,86,79
4,109,0
15,62,77
110,68,65
75,38,0
7,44,51
57,89,33
71,34,105
68,38,106
109,37,33
53,0,53
59,35,94
102,1,103
20,17,37
102,13,2
45,87,19
36,104,27
48,59,107
42,70,112
51,10,61
47,85,19
42,63,105
65,66,18
66,103,56
48,80,15
75,87,49
91,107,85
110,63,60
99,4,103
67,37,104
63,8,71
72,47,6
96,86,69
58,32,90
58,84,29
101,90,78
31,17,48
53,77,17
100,44,31
15,55,70
33,57,90
37,43,80
74,98,59
20,88,108
76,63,26
108,2,110
82,17,99
90,69,46
95,68,50
19,104,10
79,55,21
10,55,65
111,108,106
86,109,82
90,45,22
66,86,39
27,16,43
26,109,22
66,82,35
0,51,51
86,75,48
103,90,80
38,32,70
21,51,72
71,50,8
33,100,20
44,97,28
82,25,107
78,72,37
74,89,50
106,44,37
76,25,101
84,74,45
5,28,33
103,22,12
4,61,65
51,102,40
92,33,12
29,56,85
26,28,54
89,66,42
82,65,34
65,17,82
17,51,68
74,27,101
89,107,83
1,24,25
60,75,22
95,38,20
46,76,9
64,31,95
51,42,93
105,27,19
32,0,32
51,108,46
2,79,81
89,103,79
42,52,94
58,64,9
109,73,69
0,83,83
33,60,93
100,47,34
109,10,6
42,17,59
3,59,62
55,93,35
25,90,2
36,26,62
8,10,18
0,55,55
36,18,54
86,103,76
107,95,89
79,56,22
13,99,112
71,108,66
14,107,8
91,6,97
54,31,85
50,37,87
103,6,109
26,78,104
13,23,36
18,98,3
60,11,71
20,99,6
27,46,73
69,12,81
45,52,97
93,67,47
20,8,28
100,82,69
10,86,96
60,54,1
99,81,67
93,60,40
101,80,68
8,36,44
26,98,11
34,22,56
60,76,23
110,10,7
110,55,52
1,26,27
95,72,54
6,34,40
47,21,68
3,24,27
31,55,86
80,57,24
61,3,64
17,85,102
76,107,70
21,104,12
57,3,60
26,3,29
80,36,3
62,95,44
20,108,15
100,46,33
10,68,78
58,47,105
25,59,84
89,55,31
48,104,39
14,54,68
72,74,33
27,26,53
107,38,32
77,97,61
19,79,98
71,74,32
107,60,54
12,44,56
84,100,71
74,103,64
72,16,88
80,80,47
69,35,104
39,84,10
75,61,23
1,97,98
86,85,58
32,52,84
13,98,111
100,43,30
38,29,67
92,59,38
83,87,57
34,15,49
68,17,85
6,42,48
12,93,105
23,13,36
71,65,23
95,20,2
84,7,91
56,88,31
85,48,20
91,34,12
61,15,76
63,18,81
99,31,17
97,100,84
22,29,51
82,73,42
72,39,111
64,17,81
4,97,101
2,18,20
82,54,23
2,71,73
38,36,74
18,20,38
52,19,71
107,57,51
73,73,33
43,49,92
65,22,87
68,76,31
103,46,36
39,4,43
4,100,104
57,104,48
5,39,44
54,92,33
84,90,61
7,89,96
40,41,81
84,11,95
95,21,3
95,26,8
74,111,72
79,75,41
108,82,77
65,75,27
108,93,88
93,46,26
3,32,35
63,110,60
43,48,91
39,19,58
42,50,92
108,85,80
11,9,20
97,51,35
54,58,112
45,108,40
62,57,6
100,29,16
89,78,54
45,31,76
4,52,56
93,109,89
28,48,76
85,96,68
61,42,103
54,106,47
92,77,56
69,21,90
110,102,99
60,50,110
42,108,37
76,98,61
88,68,43
91,11,102
37,27,64
36,90,13
15,88,103
40,81,8
52,84,23
1,35,36
30,94,11
112,91,90
30,54,84
58,108,53
58,105,50
13,67,80
46,102,35
82,44,13
41,46,87
89,109,85
54,11,65
54,25,79
24,94,5
39,11,50
58,97,42
84,26,110
2,51,53
61,47,108
55,19,74
81,53,21
27,10,37
12,103,2
34,47,81
34,7,41
30,8,38
91,28,6
3,99,102
30,57,87
34,92,13
19,13,32
19,81,100
102,69,58
30,105,22
55,112,54
0,78,78
104,95,86
65,90,42
33,26,59
109,64,60
24,106,17
62,67,16
102,36,25
83,35,5
18,73,91
9,94,103
78,49,14
44,85,16
24,25,49
28,44,72
22,86,108
2,6,8
0,24,24
28,43,71
19,48,67
84,37,8
3,86,89
25,93,5
40,83,10
74,35,109
85,59,31
45,57,102
26,100,13
61,100,48
24,49,73
8,90,98
110,70,67
44,69,0
23,34,57
13,14,27
100,24,11
56,3,59
56,50,106
44,87,18
111,10,8
105,35,27
97,3,100
49,24,73
109,88,84
52,13,65
88,58,33
64,52,3
59,91,37
90,71,48
96,51,34
42,16,58
16,101,4
89,105,81
5,112,4
34,96,17
30,86,3
111,32,30
112,56,55
59,20,79
109,89,85
18,53,71
30,88,5
46,21,67
7,7,14
15,104,6
9,15,24
46,60,106
48,27,75
1,27,28
111,71,69
0,102,102
91,51,29
40,69,109
110,12,9
72,4,76
35,24,59
41,81,9
95,108,90
14,52,66
64,90,41
12,71,83
20,95,2
66,15,81
18,63,81
72,75,34
76,60,23
32,88,7
36,80,3
68,107,62
98,31,16
48,54,102
49,58,107
58,83,28
38,43,81
64,89,40
65,108,60
37,26,63
81,31,112
14,76,90
71,101,59
24,17,41
8,99,107
21,88,109
21,58,79
10,11,21
22,112,21
61,0,61
83,14,97
54,4,58
97,36,20
9,31,40
78,61,26
68,36,104
7,1,8
106,57,50
31,104,22
13,35,48
70,74,31
26,49,75
74,29,103
109,19,15
6,26,32
75,59,21
87,49,23
60,62,9
78,71,36
101,66,54
40,18,58
18,71,89
24,55,79
20,85,105
97,104,88
111,109,107
36,58,94
69,47,3
73,110,70
59,74,20
102,109,98
17,40,57
7,95,102
86,104,77
18,46,64
75,48,10
64,106,57
50,87,24
102,112,101
27,42,69
58,100,45
65,7,72
86,63,36
51,24,75
48,79,14
32,87,6
72,10,82
88,45,20
38,69,107
101,62,50
92,11,103
67,50,4
50,15,65
31,64,95
104,62,53
32,16,48
73,4,77
68,34,102
104,77,68
39,57,96
64,25,89
2,3,5
50,76,13
22,2,24
52,94,33
19,85,104
83,103,73
36,107,30
57,21,78
18,4,22
30,61,91
71,3,74
70,16,86
16,7,23
48,63,111
76,75,38
50,43,93
66,14,80
47,95,29
30,87,4
82,63,32
74,110,71
65,65,17
86,39,12
111,62,60
1,98,99
33,109,29
8,2,10
90,64,41
57,49,106
5,10,15
17,36,53
82,57,26
79,51,17
13,22,35
18,22,40
15,59,74
112,37,36
57,88,32
17,82,99
81,5,86
37,46,83
40,102,29
46,39,85
25,83,108
11,12,23
13,13,26
107,26,20
28,112,27
104,106,97
44,13,57
87,79,53
40,7,47
55,49,104
0,22,22
66,54,7
57,99,43
101,3,104
59,92,38
56,72,15
85,83,55
56,76,19
31,111,29
66,17,83
28,38,66
41,15,56
83,71,41
17,46,63
83,97,67
6,99,105
15,27,42
20,39,59
100,33,20
15,41,56
8,51,59
11,86,97
38,34,72
10,25,35
42,66,108
105,25,17
15,6,21
20,42,62
69,101,57
45,59,104
51,81,19
17,52,69
5,68,73
10,91,101
25,42,67
36,6,42
105,86,78
87,50,24
89,38,14
73,103,63
16,5,21
5,105,110
97,29,13
61,85,33
21,30,51
105,24,16
89,46,22
83,111,81
105,6,111
74,57,18
90,97,74
67,106,60
5,33,38
60,104,51
104,104,95
40,88,15
43,70,0
84,92,63
38,90,15
49,88,24
75,102,64
55,68,10
6,82,88
107,35,29
39,66,105
85,105,77
63,56,6
17,104,8
27,0,27
66,58,11
28,62,90
37,16,53
77,28,105
91,66,44
93,30,10
97,107,91
34,75,109
74,74,35
102,22,11
8,22,30
24,99,10
71,91,49
72,83,42
92,16,108
97,41,25
94,91,72
61,108,56
17,39,56
97,44,28
40,74,1
2,103,105
79,92,58
14,80,94
21,65,86
18,40,58
79,30,109
62,5,67
74,10,84
36,84,7
71,70,28
56,95,38
3,89,92
59,16,75
79,4,83
54,41,95
51,32,83
68,37,105
106,102,95
96,41,24
8,42,50
100,55,42
3,98,101
58,102,47
81,64,32
14,88,102
50,10,60
51,21,72
32,74,106
22,62,84
104,14,5
16,58,74
60,74,21
51,86,24
84,28,112
95,80,62
88,61,36
41,80,8
58,90,35
86,106,79
96,53,36
49,64,0
55,20,75
21,35,56
18,60,78
86,0,86
71,102,60
29,66,95
100,45,32
76,77,40
39,38,77
90,57,34
67,56,10
112,28,27
5,79,84
106,0,106
21,5,26
48,38,86
81,57,25
82,34,3
99,84,70
97,61,45
96,39,22
40,12,52
38,6,44
66,100,53
60,15,75
82,32,1
35,48,83
60,60,7
110,60,57
58,8,66
73,44,4
19,61,80
32,85,4
7,93,100
64,67,18
8,111,6
61,7,68
77,62,26
10,23,33
90,112,89
9,43,52
52,81,20
78,99,64
87,90,64
25,36,61
68,54,9
74,93,54
57,90,34
2,62,64
12,62,74
27,102,16
82,61,30
49,7,56
6,77,83
20,106,13
72,50,9
109,68,64
23,31,54
57,48,105
6,16,22
60,25,85
2,16,18
110,100,97
54,20,74
91,3,94
112,40,39
30,91,8
1,46,47
1,16,17
51,43,94
90,56,33
76,12,88
100,39,26
89,67,43
74,54,15
32,30,62
5,100,105
96,4,100
9,98,107
30,49,79
111,70,68
44,36,80
37,42,79
19,97,3
3,68,71
59,73,19
36,36,72
96,57,40
24,80,104
16,65,81
82,21,103
0,82,82
93,110,90
107,84,78
77,64,28
25,94,6
106,92,85
63,49,112
44,99,30
14,68,82
63,55,5
67,98,52
21,33,54
10,72,82
23,44,67
36,54,90
96,80,63
87,54,28
60,99,46
9,88,97
95,98,80
63,20,83
62,25,87
4,11,15
41,11,52
10,53,63
10,18,28
12,100,112
47,39,86
29,20,49
16,14,30
88,64,39
35,43,78
24,71,95
79,112,78
15,53,68
98,104,89
12,57,69
94,69,50
106,21,14
73,66,26
70,40,110
47,19,66
43,20,63
52,95,34
53,51,104
96,85,68
27,52,79
58,65,10
12,45,57
58,69,14
36,40,76
83,75,45
80,16,96
57,26,83
42,59,101
99,40,26
78,77,42
25,14,39
104,25,16
83,58,28
91,45,23
84,46,17
12,98,110
65,62,14
35,37,72
97,6,103
23,32,55
6,14,20
111,60,58
106,62,55
37,55,92
10,106,3
27,56,83
16,22,38
38,102,27
6,45,51
109,101,97
108,90,85
66,91,44
45,90,22
31,1,32
95,27,9
104,44,35
28,17,45
76,5,81
45,92,24
61,69,17
76,46,9
14,112,13
55,67,9
33,76,109
89,33,9
37,57,94
70,102,59
12,23,35
94,45,26
87,77,51
22,19,41
95,51,33
94,22,3
42,46,88
99,54,40
107,70,64
23,76,99
69,66,22
10,4,14
93,58,38
71,59,17
48,56,104
40,98,25
29,50,79
102,75,64
80,58,25
92,37,16
71,53,11
111,92,90
83,77,47
55,42,97
25,74,99
76,13,89
4,16,20
68,92,47
28,84,112
26,103,16
48,16,64
17,31,48
83,72,42
40,94,21
24,8,32
22,111,20
79,42,8
83,94,64
42,82,11
31,38,69
87,2,89
33,2,35
100,100,87
17,45,62
73,43,3
17,4,21
2,92,94
9,34,43
19,60,79
105,52,44
103,29,19
93,59,39
45,80,12
33,24,57
104,88,79
6,28,34
11,79,90
41,33,74
53,95,35
53,79,19
51,20,71
89,39,15
58,75,20
85,99,71
70,33,103
98,88,73
6,36,42
77,13,90
28,8,36
19,65,84
10,75,85
64,102,53
33,90,10
71,37,108
100,0,100
61,33,94
23,92,2
51,12,63
13,78,91
104,42,33
40,71,111
66,39,105
66,44,110
96,65,48
64,108,59
6,5,11
102,38,27
91,23,1
70,82,39
99,39,25
82,48,17
71,68,26
15,42,57
9,71,80
67,109,63
70,76,33
78,25,103
56,107,50
94,94,75
72,101,60
24,77,101
64,39,103
100,73,60
20,65,85
93,8,101
75,104,66
66,108,61
44,61,105
51,103,41
99,18,4
67,46,0
85,98,70
106,40,33
33,31,64
25,10,35
88,17,105
104,13,4
89,26,2
94,80,61
47,65,112
31,70,101
29,48,77
91,60,38
94,112,93
26,7,33
105,0,105
31,39,70
47,27,74
78,67,32
112,11,10
66,1,67
66,24,90
88,107,82
91,4,95
110,15,12
45,40,85
76,108,71
2,64,66
82,97,66
0,75,75
56,112,55
69,71,27
70,100,57
74,104,65
32,66,98
103,40,30
36,110,33
56,16,72
80,55,22
29,87,3
37,45,82
13,49,62
65,51,3
12,12,24
9,76,85
78,9,87
69,10,79
52,88,27
5,50,55
97,103,87
72,96,55
46,44,90
83,29,112
9,97,106
92,73,52
40,20,60
90,77,54
51,82,20
1,60,61
72,107,66
75,105,67
22,72,94
15,72,87
31,49,80
68,20,88
44,73,4
2,37,39
30,75,105
20,73,93
74,63,24
69,59,15
107,87,81
0,10,10
33,40,73
23,86,109
17,73,90
61,9,70
93,71,51
16,53,69
109,12,8
110,29,26
67,26,93
50,53,103
76,9,85
37,40,77
93,69,49
23,81,104
91,32,10
50,72,9
7,39,46
3,39,42
50,84,21
29,67,96
59,33,92
103,105,95
103,4,107
10,40,50
72,6,78
46,110,43
94,7,101
8,87,95
16,62,78
84,53,24
52,22,74
1,80,81
47,47,94
110,84,81
32,22,54
40,84,11
67,78,32
93,39,19
31,83,1
85,76,48
58,57,2
46,89,22
2,23,25
1,56,57
36,102,25
68,53,8
49,4,53
35,90,12
55,47,102
82,103,72
78,59,24
22,83,105
83,100,70
86,3,89
81,43,11
53,78,18
33,0,33
103,96,86
16,88,104
98,10,108
29,93,9
93,35,15
49,27,76
77,110,74
58,76,21
68,99,54
57,67,11
46,53,99
64,3,67
7,36,43
47,71,5
111,23,21
47,69,3
99,63,49
90,5,95
47,56,103
9,38,47
92,68,47
56,56,112
34,52,86
8,66,74
18,102,7
51,45,96
1,2,3
41,19,60
68,9,77
95,30,12
13,107,7
60,111,58
43,107,37
61,83,31
104,37,28
51,6,57
105,75,67
66,18,84
46,70,3
42,56,98
23,18,41
63,13,76
48,68,3
61,64,12
58,15,73
27,24,51
10,52,62
37,89,13
34,2,36
109,22,18
63,73,23
17,78,95
34,72,106
5,97,102
25,48,73
18,90,108
99,57,43
53,67,7
46,61,107
14,25,39
52,100,39
75,85,47
111,107,105
42,19,61
66,68,21
95,43,25
7,10,17
40,95,22
36,61,97
14,44,58
75,112,74
94,78,59
105,95,87
103,5,108
65,82,34
67,76,30
81,65,33
85,80,52
76,10,86
88,30,5
3,27,30
57,97,41
53,94,34
76,106,69
27,55,82
51,51,102
17,111,15
33,7,40
77,100,64
109,46,42
32,54,86
96,75,58
27,7,34
16,23,39
33,89,9
10,45,55
24,72,96
106,78,71
13,94,107
89,110,86
72,28,100
56,75,18
27,109,23
63,23,86
16,26,42
41,5,46
81,10,91
49,110,46
64,68,19
51,76,14
52,27,79
23,109,19
70,3,73
57,47,104
3,109,112
33,10,43
2,70,72
105,93,85
93,86,66
25,41,66
102,106,95
7,18,25
50,100,37
46,95,28
101,54,42
110,32,29
73,96,56
84,58,29
96,23,6
67,25,92
99,70,56
5,89,94
108,16,11
87,18,105
19,70,89
65,96,48
73,35,108
87,29,3
39,77,3
59,34,93
47,23,70
78,105,70
6,100,106
96,67,50
20,23,43
87,72,46
55,109,51
96,72,55
80,44,11
3,46,49
42,28,70
58,50,108
50,48,98
59,97,43
50,9,59
87,110,84
90,19,109
104,85,76
66,5,71
4,5,9
30,83,0
73,74,34
68,64,19
108,100,95
22,76,98
109,102,98
31,101,19
64,1,65
26,97,10
29,74,103
94,8,102
14,90,104
79,6,85
103,14,4
31,96,14
105,110,102
30,109,26
61,28,89
27,32,59
104,19,10
15,65,80
50,58,108
59,58,4
9,77,86
77,21,98
90,94,71
102,51,40
111,99,97
84,94,65
83,49,19
37,14,51
89,48,24
109,38,34
33,18,51
66,72,25
82,15,97
5,103,108
36,15,51
49,51,100
55,46,101
48,92,27
69,31,100
26,75,101
50,62,112
47,25,72
104,48,39
76,89,52
55,18,73
107,92,86
98,36,21
54,26,80
26,40,66
60,97,44
36,35,71
32,15,47
15,67,82
17,34,51
31,78,109
12,22,34
93,26,6
100,108,95
9,2,11
2,35,37
89,5,94
94,58,39
109,67,63
10,41,51
101,69,57
51,104,42
43,77,7
112,71,70
85,82,54
28,35,63
22,33,55
92,6,98
58,110,55
73,83,43
15,93,108
38,35,73
49,26,75
25,16,41
105,7,112
62,47,109
97,64,48
68,97,52
95,29,11
66,32,98
98,102,87
42,83,12
61,10,71
5,101,106
18,23,41
56,45,101
79,58,24
11,54,65
20,78,98
90,102,79
11,63,74
79,107,73
100,37,24
20,28,48
91,76,54
104,52,43
8,69,77
73,1,74
12,49,61
85,66,38
36,59,95
16,36,52
26,66,92
92,101,80
51,59,110
101,89,77
9,69,78
28,63,91
73,65,25
75,64,26
98,48,33
111,8,6
107,12,6
47,18,65
44,101,32
48,48,96
1,92,93
14,69,83
94,82,63
59,43,102
34,73,107
11,7,18
93,93,73
7,25,32
96,73,56
107,28,22
91,72,50
99,50,36
89,56,32
12,40,52
6,81,87
103,80,70
88,69,44
92,69,48
111,72,70
13,81,94
23,41,64
22,84,106
54,104,45
104,1,105
37,22,59
23,21,44
40,31,71
87,45,19
99,88,74
105,57,49
89,60,36
105,107,99
22,67,89
55,44,99
54,72,13
88,70,45
0,14,14
100,8,108
18,31,49
92,38,17
95,8,103
53,58,111
70,105,62
69,20,89
30,72,102
16,27,43
35,2,37
10,69,79
69,99,55
6,22,28
25,40,65
5,1,6
48,43,91
47,30,77
75,88,50
110,36,33
17,14,31
3,1,4
49,1,50
54,5,59
28,1,29
60,4,64
51,72,10
39,20,59
59,106,52
108,53,48
75,16,91
103,60,50
35,4,39
50,79,16
59,99,45
19,1,20
28,4,32
33,92,12
15,77,92
84,38,9
8,18,26
81,77,45
111,103,101
28,53,81
99,36,22
3,66,69
99,58,44
79,9,88
85,75,47
91,98,76
76,39,2
92,108,87
83,41,11
65,38,103
88,101,76
11,97,108
106,5,111
51,96,34
44,1,45
20,50,70
99,89,75
46,50,96
83,81,51
0,3,3
21,105,13
14,89,103
26,51,77
0,13,13
97,77,61
33,37,70
24,14,38
21,22,43
75,3,78
82,91,60
24,2,26
31,61,92
25,49,74
40,103,30
32,61,93
67,19,86
94,9,103
30,41,71
107,36,30
93,76,56
15,85,100
13,21,34
92,100,79
19,90,109
100,106,93
44,46,90
106,32,25
45,110,42
108,6,1
9,74,83
103,74,64
28,57,85
56,71,14
75,71,33
97,68,52
105,32,24
103,35,25
7,75,82
49,74,10
44,107,38
9,44,53
26,101,14
109,44,40
45,51,96
7,23,30
73,24,97
46,2,48
85,19,104
25,62,87
86,100,73
36,56,92
94,103,84
2,104,106
82,0,82
74,70,31
25,11,36
100,72,59
33,38,71
100,1,101
2,75,77
12,38,50
28,24,52
38,54,92
97,105,89
40,90,17
30,33,63
34,38,72
104,83,74
102,15,4
78,28,106
12,91,103
47,79,13
53,8,61
14,83,97
0,70,70
8,74,82
17,93,110
46,58,104
63,54,4
99,99,85
38,50,88
11,90,101
65,107,59
12,70,82
72,42,1
106,95,88
11,57,68
38,67,105
83,93,63
104,66,57
29,86,2
27,50,77
92,107,86
13,110,10
76,111,74
91,105,83
37,15,52
3,58,61
67,6,73
52,109,48
82,72,41
27,41,68
84,97,68
103,76,66
59,110,56
91,48,26
102,89,78
43,7,50
42,33,75
8,98,106
70,80,37
30,31,61
13,51,64
46,7,53
78,40,5
76,55,18
73,8,81
31,40,71
81,50,18
13,26,39
46,14,60
15,69,84
109,36,32
23,99,9
95,5,100
104,3,107
2,90,92
96,88,71
29,79,108
42,110,39
67,55,9
6,4,10
1,34,35
8,80,88
29,42,71
49,52,101
88,23,111
49,62,111
29,60,89
42,1,43
30,39,69
6,101,107
4,74,78
52,75,14
13,19,32
20,97,4
2,86,88
108,59,54
67,3,70
5,49,54
76,8,84
78,110,75
102,108,97
1,57,58
36,75,111
82,60,29
78,22,100
62,86,35
23,20,43
56,51,107
103,110,100
82,30,112
65,49,1
81,28,109
89,100,76
103,73,63
42,103,32
9,17,26
32,82,1
18,75,93
102,23,12
89,54,30
33,86,6
89,99,75
85,22,107
65,15,80
8,81,89
110,106,103
109,105,101
58,17,75
3,73,76
11,58,69
59,40,99
69,83,39
19,78,97
112,87,86
79,95,61
31,13,44
3,22,25
7,77,84
26,79,105
32,102,21
65,30,95
77,72,36
67,52,6
8,52,60
13,15,28
104,6,110
91,1,92
77,52,16
91,20,111
112,14,13
89,64,40
31,76,107
47,22,69
20,83,103
93,54,34
91,24,2
68,10,78
59,48,107
18,2,20
99,53,39
61,56,4
88,89,64
61,109,57
3,55,58
97,91,75
97,109,93
8,102,110
56,77,20
82,40,9
42,75,4
84,33,4
111,88,86
55,53,108
5,93,98
38,65,103
30,92,9
33,55,88
86,27,0
4,3,7
46,57,103
83,22,105
73,105,65
90,91,68
18,17,35
12,5,17
18,48,66
54,56,110
85,52,24
88,50,25
18,96,1
20,22,42
56,63,6
56,96,39
13,31,44
98,64,49
82,88,57
30,69,99
13,68,81
76,91,54
108,29,24
25,69,94
19,32,51
21,59,80
34,83,4
33,106,26
78,73,38
29,45,74
19,52,71
43,78,8
40,36,76
23,14,37
81,89,57
61,101,49
48,44,92
52,96,35
93,3,96
17,16,33
34,91,12
10,94,104
79,34,0
72,79,38
4,35,39
64,63,14
88,94,69
3,79,82
20,55,75
69,23,92
80,52,19
5,42,47
9,4,13
6,89,95
74,26,100
22,12,34
62,4,66
58,54,112
46,31,77
63,6,69
31,36,67
85,18,103
18,111,16
46,54,100
39,9,48
38,22,60
73,89,49
23,33,56
56,32,88
71,16,87
46,99,32
59,62,8
17,53,70
42,65,107
106,112,105
12,4,16
4,92,96
32,55,87
52,69,8
3,49,52
9,14,23
97,21,5
50,27,77
56,85,28
70,50,7
87,109,83
42,22,64
43,22,65
88,86,61
51,64,2
98,34,19
2,44,46
81,41,9
61,21,82
24,111,22
14,12,26
89,4,93
23,77,100
90,40,17
0,61,61
68,59,14
94,23,4
92,47,26
90,60,37
28,5,33
8,47,55
38,110,35
72,21,93
14,36,50
24,112,23
81,29,110
101,16,4
67,72,26
50,49,99
38,5,43
29,0,29
53,83,23
78,90,55
36,94,17
3,56,59
57,35,92
90,95,72
30,13,43
81,111,79
97,10,107
98,66,51
26,87,0
49,49,98
3,35,38
91,46,24
58,73,18
45,14,59
91,82,60
100,88,75
54,84,25
48,51,99
0,19,19
74,45,6
16,10,26
52,97,36
75,74,36
77,83,47
83,5,88
23,23,46
98,4,102
1,28,29
110,47,44
6,50,56
24,48,72
15,109,11
68,22,90
81,82,50
87,15,102
56,8,64
33,30,63
42,45,87
105,111,103
36,92,15
48,41,89
79,26,105
75,28,103
105,45,37
48,5,53
40,104,31
34,35,69
45,73,5
90,0,90
51,77,15
2,112,1
2,53,55
58,20,78
102,20,9
72,82,41
11,96,107
108,60,55
42,24,66
76,32,108
23,3,26
62,59,8
99,8,107
102,11,0
55,3,58
88,111,86
43,40,83
53,99,39
34,43,77
73,10,83
105,23,15
37,80,4
57,38,95
7,58,65
52,38,90
33,80,0
71,112,70
112,103,102
82,7,89
102,28,17
46,100,33
89,58,34
30,23,53
92,66,45
70,69,26
101,91,79
66,47,0
86,54,27
81,80,48
40,11,51
56,44,100
25,63,88
105,89,81
105,28,20
23,36,59
74,14,88
13,106,6
16,67,83
52,99,38
104,61,52
80,31,111
74,60,21
76,97,60
51,89,27
86,57,30
30,21,51
61,73,21
30,15,45
44,84,15
1,47,48
107,56,50
92,2,94
61,95,43
11,104,2
105,3,108
89,36,12
55,64,6
52,34,86
107,64,58
64,111,62
45,79,11
93,57,37
9,111,7
54,88,29
59,32,91
52,12,64
11,28,39
89,31,7
24,97,8
88,35,10
26,71,97
109,26,22
71,87,45
67,73,27
64,30,94
2,55,57
53,48,101
90,51,28
19,50,69
77,104,68
35,76,111
63,108,58
20,49,69
106,42,35
35,98,20
57,22,79
0,45,45
18,89,107
46,22,68
108,14,9
99,55,41
80,111,78
95,106,88
22,65,87
23,6,29
49,28,77
28,6,34
58,85,30
101,84,72
22,1,23
6,86,92
63,29,92
99,102,88
76,18,94
108,4,112
51,52,103
79,21,100
103,84,74
3,42,45
44,53,97
53,64,4
100,16,3
70,38,108
73,47,7
111,78,76
97,74,58
19,42,61
93,48,28
86,30,3
7,45,52
13,92,105
14,19,33
11,109,7
32,107,26
41,83,11
1,18,19
25,106,18
40,4,44
36,49,85
60,21,81
104,68,59
27,45,72
98,63,48
64,100,51
39,30,69
12,96,108
74,76,37
53,36,89
63,37,100
77,2,79
5,4,9
13,65,78
70,51,8
70,8,78
77,9,86
92,102,81
104,24,15
96,62,45
105,78,70
66,66,19
42,80,9
80,50,17
79,100,66
96,35,18
16,111,14
95,45,27
57,55,112
20,107,14
88,90,65
7,68,75
8,25,33
79,52,18
34,53,87
35,9,44
92,62,41
36,85,8
70,15,85
99,51,37
37,77,1
105,31,23
35,46,81
94,89,70
55,40,95
96,102,85
50,73,10
32,44,76
94,100,81
55,2,57
43,112,42
59,107,53
96,5,101
46,67,0
30,64,94
44,26,70
78,27,105
80,82,49
69,48,4
57,59,3
34,69,103
53,27,80
92,0,92
10,2,12
111,41,39
106,94,87
54,17,71
62,32,94
10,76,86
100,97,84
61,68,16
76,56,19
50,17,67
94,50,31
74,37,111
48,33,81
36,41,77
13,97,110
24,85,109
95,23,5
86,91,64
68,75,30
55,56,111
33,71,104
16,107,10
109,60,56
97,106,90
12,21,33
18,64,82
16,97,0
109,81,77
8,38,46
43,111,41
41,53,94
37,71,108
93,13,106
69,80,36
95,92,74
38,93,18
58,60,5
43,67,110
69,100,56
31,3,34
82,22,104
60,53,0
97,66,50
11,10,21
80,27,107
14,39,53
73,104,64
16,43,59
90,49,26
93,41,21
37,103,27
87,11,98
21,18,39
38,73,111
81,25,106
32,24,56
41,63,104
30,24,54
17,58,75
19,5,24
67,22,89
71,46,4
112,102,101
23,0,23
106,53,46
95,62,44
95,19,1
65,95,47
32,26,58
25,58,83
71,11,82
87,66,40
57,100,44
104,4,108
29,78,107
24,64,88
95,33,15
57,10,67
86,107,80
10,17,27
1,105,106
23,49,72
58,43,101
62,43,105
66,42,108
19,46,65
40,24,64
31,51,82
61,52,0
55,13,68
91,12,103
69,81,37
13,63,76
13,80,93
64,0,64
59,85,31
37,52,89
49,41,90
79,54,20
62,18,80
47,55,102
66,9,75
19,11,30
70,56,13
28,101,16
34,65,99
84,69,40
76,49,12
57,85,29
38,100,25
86,36,9
24,16,40
88,95,70
64,44,108
60,57,4
61,71,19
34,71,105
48,57,105
89,94,70
56,65,8
85,46,18
51,15,66
60,101,48
49,106,42
60,100,47
9,56,65
38,17,55
50,28,78
37,70,107
62,30,92
112,53,52
104,55,46
32,92,11
44,39,83
31,71,102
96,8,104
15,108,10
46,1,47
39,50,89
69,70,26
89,86,62
53,75,15
44,86,17
45,8,53
55,103,45
44,4,48
67,59,13
6,76,82
37,38,75
36,74,110
76,44,7
12,1,13
90,63,40
40,50,90
86,29,2
16,102,5
8,39,47
47,20,67
0,15,15
48,45,93
17,110,14
111,54,52
27,111,25
44,0,44
5,99,104
48,110,45
15,19,34
10,97,107
104,64,55
99,42,28
20,58,78
65,71,23
97,13,110
45,78,10
46,92,25
56,60,3
75,37,112
110,34,31
86,105,78
30,71,101
74,24,98
92,25,4
95,46,28
30,34,64
102,66,55
109,8,4
78,64,29
83,25,108
61,8,69
107,0,107
21,29,50
75,22,97
89,51,27
13,41,54
67,63,17
77,53,17
48,103,38
96,2,98
63,57,7
5,38,43
52,44,96
19,69,88
43,73,3
78,47,12
110,16,13
70,104,61
90,52,29
42,44,86
80,95,62
101,92,80
49,42,91
33,103,23
66,52,5
96,101,84
107,112,106
55,32,87
36,112,35
58,92,37
70,65,22
89,47,23
51,68,6
51,26,77
43,76,6
95,105,87
26,50,76
70,88,45
47,15,62
21,64,85
51,19,70
31,59,90
92,106,85
52,111,50
97,76,60
38,24,62
81,34,2
23,100,10
103,32,22
93,29,9
86,33,6
77,10,87
22,54,76
103,106,96
84,72,43
101,42,30
41,104,32
65,1,66
52,48,100
49,60,109
95,90,72
14,101,2
22,42,64
3,53,56
25,110,22
63,33,96
59,39,98
105,60,52
62,71,20
100,62,49
29,28,57
38,27,65
30,96,13
35,68,103
81,62,30
92,84,63
100,96,83
16,2,18
2,27,29
71,78,36
37,109,33
95,89,71
26,67,93
1,23,24
69,75,31
45,19,64
87,30,4
111,102,100
16,20,36
88,79,54
80,62,29
44,23,67
22,51,73
34,85,6
96,13,109
69,92,48
85,67,39
111,101,99
1,109,110
98,20,5
50,98,35
55,4,59
106,33,26
79,3,82
84,25,109
83,8,91
106,105,98
21,54,75
25,101,13
66,56,9
98,87,72
97,4,101
3,57,60
74,55,16
65,97,49
87,3,90
11,30,41
11,105,3
48,39,87
7,15,22
9,6,15
2,78,80
25,18,43
77,73,37
59,69,15
26,33,59
101,105,93
70,26,96
80,49,16
14,23,37
27,81,108
97,99,83
27,85,112
19,33,52
69,55,11
83,65,35
29,76,105
47,84,18
1,65,66
101,18,6
58,80,25
76,47,10
100,32,19
18,88,106
4,46,50
62,81,30
49,33,82
76,71,34
93,85,65
48,46,94
89,108,84
35,86,8
15,54,69
96,9,105
32,99,18
20,34,54
106,11,4
25,80,105
106,67,60
45,42,87
75,103,65
9,106,2
64,83,34
39,108,34
20,74,94
96,6,102
4,69,73
63,5,68
112,0,112
103,13,3
81,100,68
51,75,13
20,54,74
84,80,51
29,104,20
23,103,13
82,78,47
54,108,49
96,59,42
17,102,6
64,36,100
53,9,62
44,24,68
38,84,9
107,68,62
83,105,75
48,30,78
78,57,22
7,65,72
38,25,63
101,110,98
110,69,66
54,81,22
13,17,30
29,81,110
79,16,95
8,1,9
111,112,110
22,74,96
65,35,100
3,29,32
6,106,112
52,67,6
68,46,1
0,81,81
92,110,89
64,26,90
16,12,28
39,60,99
13,48,61
76,14,90
46,9,55
0,34,34
84,101,72
85,0,85
66,57,10
21,89,110
48,26,74
12,89,101
83,69,39
56,11,67
30,78,108
52,15,67
101,97,85
111,104,102
106,7,0
23,68,91
107,91,85
32,105,24
63,65,15
105,47,39
53,66,6
42,102,31
49,108,44
58,59,4
111,29,27
77,86,50
82,49,18
75,67,29
22,7,29
56,41,97
108,101,96
78,14,92
78,53,18
11,102,0
90,8,98
63,92,42
100,66,53
32,7,39
41,94,22
52,11,63
8,103,111
43,62,105
83,55,25
104,30,21
54,13,67
112,61,60
74,11,85
106,47,40
75,70,32
42,36,78
7,72,79
15,74,89
10,14,24
20,19,39
5,7,12
29,3,32
29,17,46
79,101,67
10,101,111
2,60,62
74,58,19
46,68,1
51,60,111
93,94,74
10,22,32
18,56,74
54,110,51
75,94,56
92,53,32
112,109,108
63,61,11
45,56,101
9,10,19
64,98,49
67,69,23
82,38,7
2,20,22
93,51,31
108,81,76
23,75,98
109,93,89
99,34,20
91,17,108
0,4,4
29,26,55
53,13,66
95,28,10
75,49,11
67,82,36
35,0,35
54,79,20
19,66,85
82,62,31
31,15,46
41,93,21
107,63,57
76,70,33
31,107,25
16,18,34
14,84,98
73,108,68
11,4,15
67,93,47
110,17,14
98,9,107
33,12,45
68,104,59
91,38,16
79,62,28
20,9,29
38,62,100
94,71,52
62,93,42
58,94,39
111,68,66
88,112,87
105,67,59
71,107,65
37,13,50
79,72,38
112,93,92
11,60,71
30,37,67
49,44,93
4,19,23
108,15,10
73,52,12
52,50,102
50,110,47
45,17,62
21,27,48
21,72,93
80,47,14
100,67,54
1,99,100
83,99,69
98,2,100
29,55,84
61,75,23
111,14,12
90,24,1
11,67,78
3,65,68
28,13,41
46,8,54
39,54,93
89,85,61
49,0,49
26,53,79
77,93,57
57,53,110
79,69,35
43,99,29
65,47,112
11,13,24
29,8,37
106,90,83
81,18,99
62,21,83
5,24,29
10,38,48
6,10,16
47,68,2
48,47,95
4,17,21
51,37,88
9,36,45
34,90,11
87,46,20
105,100,92
0,98,98
95,76,58
33,15,48
63,67,17
64,72,23
108,68,63
36,11,47
67,95,49
21,39,60
92,99,78
53,2,55
80,94,61
107,11,5
63,31,94
109,47,43
56,15,71
67,44,111
85,24,109
98,78,63
92,39,18
30,35,65
6,58,64
88,92,67
51,88,26
46,5,51
75,15,90
37,85,9
46,111,44
112,72,71
102,29,18
52,45,97
1,103,104
42,34,76
44,48,92
61,20,81
31,48,79
103,108,98
49,56,105
45,45,90
33,17,50
40,21,61
66,70,23
11,22,33
91,59,37
29,22,51
110,41,38
43,11,54
78,34,112
6,0,6
70,18,88
23,46,69
10,6,16
68,90,45
24,34,58
104,11,2
54,68,9
105,5,110
14,37,51
8,49,57
73,38,111
42,72,1
22,68,90
24,9,33
91,99,77
67,12,79
11,89,100
83,20,103
103,7,110
72,91,50
75,78,40
31,46,77
97,60,44
27,23,50
77,29,106
106,108,101
4,91,95
46,86,19
57,9,66
50,69,6
41,30,71
29,64,93
97,32,16
107,102,96
93,32,12
50,12,62
109,42,38
15,15,30
102,103,92
2,50,52
12,72,84
54,2,56
4,49,53
0,8,8
98,83,68
74,108,69
109,75,71
10,31,41
11,6,17
105,10,2
28,89,4
77,36,0
5,17,22
5,20,25
76,61,24
17,69,86
41,50,91
71,23,94
62,91,40
68,102,57
13,52,65
4,30,34
95,31,13
79,82,48
1,51,52
106,111,104
20,81,101
39,56,95
4,43,47
52,21,73
80,30,110
78,104,69
4,34,38
82,95,64
27,29,56
56,58,1
71,42,0
30,26,56
48,77,12
81,88,56
112,82,81
29,21,50
76,19,95
112,33,32
43,34,77
94,34,15
67,33,100
105,1,106
55,94,36
36,91,14
18,37,55
5,26,31
32,56,88
29,107,23
62,83,32
32,29,61
92,24,3
53,11,64
60,7,67
96,55,38
18,9,27
21,20,41
68,84,39
103,102,92
18,91,109
47,80,14
67,88,42
14,67,81
64,104,55
29,71,100
108,111,106
91,58,36
101,55,43
54,34,88
36,78,1
35,66,101
98,67,52
2,28,30
80,59,26
2,109,111
14,105,6
111,38,36
25,89,1
70,39,109
74,99,60
84,89,60
37,33,70
80,86,53
53,25,78
45,112,44
80,6,86
29,24,53
39,59,98
107,110,104
60,83,30
38,107,32
64,29,93
5,8,13
97,38,22
73,49,9
25,103,15
73,85,45
93,92,72
77,11,88
52,47,99
72,34,106
86,98,71
50,23,73
32,35,67
49,29,78
86,108,81
90,83,60
21,9,30
41,8,49
8,63,71
96,92,75
103,43,33
34,23,57
33,78,111
101,48,36
71,66,24
89,37,13
103,71,61
23,67,90
84,63,34
31,89,7
72,54,13
34,98,19
72,111,70
83,44,14
111,1,112
78,62,27
2,19,21
26,60,86
80,9,89
18,35,53
80,13,93
61,60,8
54,1,55
64,14,78
9,42,51
108,84,79
77,111,75
83,10,93
48,17,65
47,83,17
41,17,58
67,58,12
104,8,112
18,101,6
69,63,19
42,30,72
18,61,79
43,103,33
36,69,105
10,32,42
19,68,87
98,91,76
44,96,27
26,93,6
70,81,38
39,97,23
14,15,29
64,96,47
79,14,93
57,6,63
56,70,13
110,26,23
102,105,94
97,31,15
43,69,112
23,58,81
12,58,70
25,31,56
68,70,25
77,25,102
108,67,62
50,18,68
70,58,15
7,49,56
23,38,61
111,51,49
36,106,29
90,22,112
103,2,105
90,93,70
82,66,35
10,15,25
62,44,106
12,53,65
43,53,96
59,5,64
71,27,98
77,51,15
74,12,86
103,30,20
24,76,100
82,8,90
15,22,37
81,67,35
41,105,33
28,59,87
76,99,62
84,59,30
2,10,12
96,64,47
75,14,89
35,91,13
106,38,31
30,50,80
39,24,63
14,28,42
87,85,59
39,40,79
76,82,45
58,67,12
14,63,77
82,42,11
85,107,79
65,29,94
53,91,31
18,85,103
67,99,53
82,98,67
97,79,63
5,31,36
71,96,54
1,8,9
29,19,48
24,82,106
93,0,93
66,0,66
104,0,104
54,38,92
72,94,53
5,0,5
8,30,38
28,60,88
71,111,69
19,22,41
75,100,62
65,102,54
46,18,64
56,100,43
24,11,35
59,10,69
31,9,40
91,43,21
27,40,67
30,2,32
78,2,80
9,72,81
99,94,80
6,23,29
96,50,33
97,1,98
96,45,28
104,16,7
8,100,108
0,26,26
59,44,103
48,24,72
64,61,12
15,103,5
7,35,42
94,39,20
58,56,1
46,108,41
66,64,17
32,51,83
32,48,80
87,56,30
26,62,88
107,97,91
36,44,80
48,88,23
91,81,59
108,64,59
59,82,28
44,9,53
39,80,6
86,70,43
91,22,0
79,60,26
78,70,35
43,65,108
3,92,95
103,100,90
1,58,59
89,89,65
75,92,54
75,97,59
37,94,18
108,75,70
80,68,35
56,98,41
4,2,6
27,44,71
62,64,13
64,55,6
15,98,0
1,93,94
25,68,93
88,103,78
24,30,54
21,102,10
62,6,68
46,105,38
106,35,28
9,78,87
87,35,9
27,103,17
1,78,79
76,50,13
31,73,104
98,37,22
12,37,49
79,74,40
83,47,17
67,96,50
47,24,71
4,42,46
67,9,76
101,108,96
74,52,13
15,68,83
12,27,39
30,30,60
71,36,107
43,3,46
77,109,73
96,43,26
5,84,89
33,9,42
109,30,26
35,108,30
79,41,7
67,53,7
1,79,80
104,12,3
94,101,82
112,22,21
11,0,11
17,101,5
80,53,20
68,11,79
54,51,105
17,94,111
97,15,112
47,77,11
7,26,33
6,31,37
93,14,107
17,56,73
60,67,14
44,11,55
94,97,78
25,4,29
10,26,36
82,56,25
78,45,10
52,105,44
56,79,22
56,99,42
96,69,52
74,34,108
26,70,96
23,73,96
24,45,69
80,63,30
41,31,72
49,73,9
26,23,49
55,85,27
57,60,4
16,110,13
23,91,1
25,104,16
104,87,78
34,3,37
52,61,0
21,34,55
7,108,2
81,26,107
83,95,65
15,99,1
12,52,64
50,35,85
6,109,2
26,36,62
34,93,14
79,108,74
85,110,82
99,48,34
61,30,91
16,28,44
109,35,31
74,49,10
101,63,51
54,89,30
57,92,36
17,17,34
15,13,28
111,3,1
91,42,20
58,1,59
101,32,20
101,96,84
110,110,107
91,25,3
75,30,105
19,16,35
2,22,24
69,9,78
111,16,14
17,77,94
36,64,100
110,101,98
68,105,60
26,30,56
86,55,28
64,46,110
69,105,61
14,55,69
49,13,62
90,13,103
10,61,71
40,58,98
42,78,7
101,86,74
109,5,1
50,22,72
47,48,95
40,101,28
57,73,17
25,95,7
79,110,76
52,65,4
0,32,32
95,15,110
87,65,39
110,23,20
79,31,110
84,67,38
104,20,11
49,20,69
73,61,21
62,2,64
21,24,45
16,33,49
0,80,80
62,58,7
17,65,82
53,72,12
37,102,26
67,91,45
5,59,64
77,99,63
31,26,57
0,89,89
15,33,48
17,20,37
49,10,59
99,91,77
41,24,65
37,19,56
3,13,16
51,97,35
62,87,36
28,71,99
103,98,88
30,59,89
78,97,62
81,73,41
53,62,2
73,93,53
61,25,86
51,111,49
98,80,65
0,109,109
6,92,98
56,54,110
0,65,65
72,55,14
39,32,71
56,66,9
88,83,58
95,81,63
4,60,64
58,10,68
45,4,49
37,36,73
81,96,64
37,92,16
55,35,90
34,105,26
42,53,95
106,72,65
86,5,91
29,53,82
48,86,21
10,110,7
17,72,89
36,52,88
21,92,0
93,70,50
23,95,5
74,31,105
25,8,33
43,96,26
42,69,111
23,87,110
6,25,31
57,17,74
93,19,112
82,47,16
92,13,105
59,14,73
89,57,33
46,34,80
48,49,97
83,19,102
51,61,112
77,37,1
56,46,102
106,63,56
110,86,83
67,39,106
6,88,94
105,43,35
62,61,10
75,29,104
62,17,79
55,39,94
16,34,50
50,108,45
52,82,21
69,27,96
26,27,53
21,32,53
51,54,105
45,88,20
108,70,65
44,21,65
97,58,42
56,86,29
108,3,111
30,62,92
99,52,38
52,112,51
6,57,63
16,87,103
95,112,94
104,72,63
4,14,18
98,103,88
36,81,4
64,97,48
100,58,45
41,111,39
62,0,62
12,99,111
89,10,99
81,56,24
95,86,68
51,105,43
63,107,57
42,9,51
41,100,28
112,47,46
15,45,60
46,66,112
98,5,103
54,73,14
41,26,67
74,95,56
19,109,15
87,92,66
79,29,108
37,21,58
15,56,71
92,40,19
9,1,10
70,99,56
101,50,38
34,63,97
33,102,22
100,28,15
67,23,90
65,0,65
102,33,22
2,98,100
89,77,53
47,57,104
41,61,102
3,4,7
84,48,19
53,93,33
105,82,74
99,68,54
65,76,28
76,102,65
61,5,66
62,84,33
23,53,76
8,14,22
24,58,82
71,95,53
49,35,84
93,5,98
1,52,53
105,102,94
100,78,65
67,104,58
15,83,98
66,22,88
22,28,50
83,108,78
104,89,80
37,62,99
109,48,44
56,38,94
67,24,91
40,68,108
69,106,62
98,98,83
17,30,47
72,0,72
76,28,104
112,111,110
88,25,0
80,54,21
56,83,26
107,24,18
30,18,48
3,54,57
46,6,52
13,1,14
42,41,83
57,16,73
24,93,4
11,27,38
94,54,35
26,76,102
97,94,78
111,110,108
17,89,106
44,16,60
4,41,45
67,28,95
78,94,59
109,3,112
108,36,31
10,37,47
51,29,80
36,13,49
70,77,34
5,102,107
92,58,37
44,94,25
48,12,60
3,26,29
83,64,34
104,70,61
66,49,2
8,79,87
6,51,57
84,43,14
102,2,104
92,95,74
86,66,39
35,103,25
51,28,79
47,49,96
57,50,107
2,1,3
87,16,103
99,28,14
33,93,13
72,61,20
98,41,26
96,33,16
31,32,63
7,74,81
4,77,81
67,107,61
91,86,64
80,11,91
106,55,48
92,74,53
16,47,63
98,15,0
39,6,45
1,66,67
80,74,41
106,39,32
100,9,109
70,24,94
58,79,24
35,81,3
16,51,67
100,68,55
45,82,14
80,100,67
35,69,104
84,54,25
58,30,88
43,39,82
50,99,36
43,0,43
30,38,68
85,53,25
21,45,66
92,87,66
14,32,46
4,47,51
77,15,92
24,78,102
10,34,44
72,14,86
11,103,1
90,11,101
3,47,50
58,109,54
18,6,24
68,51,6
8,104,112
2,88,90
50,41,91
70,44,1
20,77,97
27,90,4
80,98,65
0,16,16
47,37,84
70,1,71
74,9,83
68,79,34
41,23,64
68,89,44
36,103,26
29,92,8
66,41,107
87,33,7
90,68,45
48,100,35
36,32,68
47,82,16
67,17,84
7,43,50
3,44,47
72,9,81
4,54,58
87,8,95
31,47,78
88,102,77
74,72,33
4,8,12
17,98,2
99,7,106
17,66,83
50,89,26
25,79,104
83,86,56
99,101,87
37,82,6
17,106,10
76,16,92
106,45,38
15,92,107
16,105,8
61,22,83
5,104,109
85,10,95
17,5,22
1,33,34
96,70,53
8,37,45
47,35,82
5,43,48
6,95,101
1,104,105
15,107,9
108,46,41
106,106,99
84,50,21
33,51,84
30,104,21
56,78,21
5,54,59
27,77,104
55,97,39
61,89,37
44,63,107
102,85,74
80,89,56
47,109,43
11,39,50
18,83,101
112,38,37
33,66,99
110,57,54
90,108,85
42,5,47
9,61,70
36,2,38
90,47,24
69,67,23
91,103,81
33,64,97
100,91,78
53,86,26
10,20,30
30,29,59
43,81,11
